insert into banks_table(id, name) values
    ('6b1879af-ccaf-46f7-a001-66657ce11943', 'Sberbank'),
    ('054d2853-1b93-4f83-9540-1b6481193a1c', 'VTB'),
    ('69e63c0c-0741-4973-9760-c11bfcea4a1f', 'Tinkoff'),
    ('b571ddd5-4e85-48ca-b359-65f0135613ec', 'AlfaBank'),
    ('51c17f04-57aa-4c8b-8eb3-28db580c1e35','RosBank'),
    ('e34ac15c-d535-4614-89a1-ceb39ca9c072','HomeCreditBank');

insert into clients_table(id, first_name, last_name, phone, email, passport, bank_id) values
    ('5e3a4a23-256a-413a-b8c4-3ceedb602967','Ivan', 'Ivanov', '89000123450', 'ivanov@email.ru', '1234567890','6b1879af-ccaf-46f7-a001-66657ce11943'),
    ('c4bd15e8-b0cf-4e8e-9e04-9243fb0eb971','Petr', 'Petrov', '89000123451', 'petrov@email.ru', '1234567891','6b1879af-ccaf-46f7-a001-66657ce11943'),
    ('606ae50d-09ef-4145-9072-33e4334c38a8','Sidor', 'Sidorov', '89000123452', 'sidorov@email.ru', '1234567892','054d2853-1b93-4f83-9540-1b6481193a1c'),
    ('bcb167a9-f52e-4dbf-8801-7775d0842106','Vasiliy', 'Vasiliev', '89000123453', 'vasiliev@email.ru', '1234567893','69e63c0c-0741-4973-9760-c11bfcea4a1f'),
    ('d535ebc8-650f-4fca-8ec9-6387afa5cff9','Kristina', 'Alexsandrova', '89000123454', 'alexsandrova@email.ru', '1234567894', 'b571ddd5-4e85-48ca-b359-65f0135613ec'),
    ('823250fc-e13b-4c5c-8f28-b696896f2210','Ekaterina', 'Gromova', '89000123455', 'gromova@email.ru', '1234567895','51c17f04-57aa-4c8b-8eb3-28db580c1e35'),
    ('198e6735-7459-4655-b270-43e5bab2faa9','Arina', 'Lebedeva', '89000123456', 'lebedeva@email.ru', '1234567896','6b1879af-ccaf-46f7-a001-66657ce11943'),
    ('dda852a7-acae-4df9-b0a6-011582e78443','Veronika', 'Leonova', '89000123457', 'leonova@email.ru', '1234567897','054d2853-1b93-4f83-9540-1b6481193a1c'),
    ('4528e53e-f94f-4679-8b2b-5512ce776568','Lev', 'Nikitin', '89000123458', 'nikitin@email.ru', '1234567898','51c17f04-57aa-4c8b-8eb3-28db580c1e35'),
    ('8401a2a2-4fa5-411d-8f29-c645e8e7fff6','Kseniya', 'Orlova', '89000123459', 'orlova@email.ru', '1234567899','e34ac15c-d535-4614-89a1-ceb39ca9c072');

insert into credits_table(id, limit, interest_rate, bank_id ) values
    ('94cd237c-531a-442f-9cc4-6c443c8718fe','35000','3','6b1879af-ccaf-46f7-a001-66657ce11943'),
    ('695df7fa-e4fa-4edf-bc07-d1214830c7f1','47000','1','69e63c0c-0741-4973-9760-c11bfcea4a1f'),
    ('6f9255ed-474c-4385-9e65-b4fb3d5532dd','100000','11','6b1879af-ccaf-46f7-a001-66657ce11943'),
    ('de223ea3-0325-4c63-ac53-b817cf5e0b94','56000','2','054d2853-1b93-4f83-9540-1b6481193a1c'),
    ('c1fb99d3-1cf0-48dd-aeb1-c4664a368c81','110000','6', 'b571ddd5-4e85-48ca-b359-65f0135613ec'),
    ('65b42a87-5d46-4555-a38a-fe934b60f40a','97000','14','51c17f04-57aa-4c8b-8eb3-28db580c1e35'),
    ('b310dc4a-9bd5-4748-a79e-0896dd389f2d','88000','4','054d2853-1b93-4f83-9540-1b6481193a1c'),
    ('55ae84df-2a46-4547-9621-f84a21f32005','49000','3.5','054d2853-1b93-4f83-9540-1b6481193a1c'),
    ('d745f004-8065-40a7-9d11-0a7e9539db94','51000','4.7','e34ac15c-d535-4614-89a1-ceb39ca9c072'),
    ('fdbd37fd-bf14-4169-9cb7-3203dc499e47','66000','2.2','6b1879af-ccaf-46f7-a001-66657ce11943'),
    ('030c8f9a-31cc-48c3-b1ba-07690f02a9c5','43500','4.3','054d2853-1b93-4f83-9540-1b6481193a1c'),
    ('c8c32412-5c0e-4e7c-8a3f-09566ed0bb59','52300','15','69e63c0c-0741-4973-9760-c11bfcea4a1f'),
    ('25f368bf-da61-4010-a522-198fa3da239c','71000','6.6','e34ac15c-d535-4614-89a1-ceb39ca9c072'),
    ('6138ceb9-d200-4de3-9506-4f1a5dd2cda6','39900','4.1', 'b571ddd5-4e85-48ca-b359-65f0135613ec'),
    ('fa17029c-ea44-420b-8e0f-65b3460705e9','115000','7.6','69e63c0c-0741-4973-9760-c11bfcea4a1f'),
    ('466abac9-be2e-4d38-9e28-483893d63d59','200000','3.2','054d2853-1b93-4f83-9540-1b6481193a1c'),
    ('ea28d68a-2fb9-4b91-9e4a-f1dfc1a04644','96800','10','6b1879af-ccaf-46f7-a001-66657ce11943'),
    ('11089944-aea9-4b33-b109-6466fdf81bef','73600','1.7','69e63c0c-0741-4973-9760-c11bfcea4a1f');

insert into offers_table(id, credit_sum, credit_term, client_id, credit_id) values
    ('57f4b7f0-fee4-42ea-bf8e-0975085715dc','30500','12','5e3a4a23-256a-413a-b8c4-3ceedb602967','94cd237c-531a-442f-9cc4-6c443c8718fe'),
    ('96a4bad2-c7ad-4636-b955-0737a442ec1b','50000','6','c4bd15e8-b0cf-4e8e-9e04-9243fb0eb971','6f9255ed-474c-4385-9e65-b4fb3d5532dd'),
    ('6d78238e-728f-4414-9789-9be9c31272d5','5600','10','606ae50d-09ef-4145-9072-33e4334c38a8','de223ea3-0325-4c63-ac53-b817cf5e0b94'),
    ('8ce846d6-b989-49f6-b02a-cde32a7ca4aa','43850','24','bcb167a9-f52e-4dbf-8801-7775d0842106','695df7fa-e4fa-4edf-bc07-d1214830c7f1'),
    ('4daa2dcc-0fdb-4287-b81f-802b22317b62','25500','2','d535ebc8-650f-4fca-8ec9-6387afa5cff9','6138ceb9-d200-4de3-9506-4f1a5dd2cda6'),
    ('f78c4259-6c25-4bc9-95d9-792f201e2630','84000','24','823250fc-e13b-4c5c-8f28-b696896f2210','65b42a87-5d46-4555-a38a-fe934b60f40a'),
    ('827edcd5-9ef6-45be-b160-61cd5d2bbed2','23000','7','198e6735-7459-4655-b270-43e5bab2faa9','94cd237c-531a-442f-9cc4-6c443c8718fe'),
    ('84179dd7-1096-4db9-b852-1639f6bf1ce8','10000','17','dda852a7-acae-4df9-b0a6-011582e78443','b310dc4a-9bd5-4748-a79e-0896dd389f2d'),
    ('5b588c49-42c9-4d61-9479-ad70986324ae','46000','11','4528e53e-f94f-4679-8b2b-5512ce776568','65b42a87-5d46-4555-a38a-fe934b60f40a'),
    ('3f381726-5b72-4acb-8611-d33eb00989e7','55300','12','8401a2a2-4fa5-411d-8f29-c645e8e7fff6','25f368bf-da61-4010-a522-198fa3da239c');

--insert into payments_table(id, credit_body_sum, credit_percent_sum, payment_date, payment_sum, offer_id) values
--    ('0f270e1e-72be-4686-ae07-36c498d5d744','4750','950','2022-01-01','5700','57f4b7f0-fee4-42ea-bf8e-0975085715dc'),
--    ('7b2b0be5-0033-4ea1-95d5-5b48deebd036','12857,1429','2142,8571','2022-02-01','15000','96a4bad2-c7ad-4636-b955-0737a442ec1b'),
--    ('bf174049-2338-4593-ba4f-6aaeb57fc20a','466,67','233,33','2022-03-01','700','6d78238e-728f-4414-9789-9be9c31272d5'),
--    ('3ca8d208-2b17-4f81-a539-8c62c6b4cc29','7533,34','3766,66','2022-04-01','11300','8ce846d6-b989-49f6-b02a-cde32a7ca4aa'),
--    ('6bc69959-1869-4032-a125-d7cfb46b3d8d','3600','600','2022-05-01','4200','4daa2dcc-0fdb-4287-b81f-802b22317b62'),
--    ('0790abd6-0c94-4d28-8816-996e4c588f23','9000','2000','2022-06-01','11000','f78c4259-6c25-4bc9-95d9-792f201e2630'),
--    ('be0df7b5-d7ca-434d-a329-1aa2cfceb36d','7714,286','1285,714','2022-07-01','9000','827edcd5-9ef6-45be-b160-61cd5d2bbed2'),
--    ('dafd11c7-0d22-47dd-9b7c-ab45f15d6843','333,334','166,666','2022-08-01','500','84179dd7-1096-4db9-b852-1639f6bf1ce8'),
--    ('f1679b7e-afc9-4e34-9884-b290511345e7','18375','2625','2022-09-01','21000','5b588c49-42c9-4d61-9479-ad70986324ae'),
--    ('d23a2338-3305-4326-8ea4-fd24c884b344','16200','2700','2022-10-01','18900','3f381726-5b72-4acb-8611-d33eb00989e7');




